subreddit,question
Aberystwyth,"At Aberystwyth University, are there any plans in motion to improve the Wi-Fi connection across campus?"
Aberystwyth,What are the most popular student societies at Aberystwyth University?
Aberystwyth,What are the most popular student societies at Aberystwyth University?
Aberystwyth,What do students think about the lecturers' office hours at Aberystwyth University?
Aberystwyth,What is the most popular student event held on campus at Aberystwyth University each year?
AcadiaU,Are the on-campus job opportunities at Acadia University sufficient to meet the needs of its students who prefer part-time work?
AcadiaU,What are the most popular student organizations at Acadia University?
AcadiaU,Are there any plans for Acadia University to provide more mental health resources on campus?
AcadiaU,Are the class sizes at Acadia University small enough to allow for effective one-on-one interactions between students and professors?
AcadiaU,"At Acadia University, what are some of the challenges that students often face when adjusting to life in Wolfville, Nova Scotia, and how do the university's support services help them overcome these challenges?"
Algonquin_College,What are some of the most popular extracurricular clubs and organizations at Algonquin College?
Algonquin_College,What are the typical challenges faced by students in transitioning to Algonquin College from high school?
Algonquin_College,What are some of the most popular student clubs or organizations at Algonquin College?
Algonquin_College,What are the common student complaints about the residence services at Algonquin College?
Algonquin_College,What are the most popular student organizations and clubs at Algonquin College?
amarillocollege,What are the most popular extracurricular activities among students at Amarillo College?
amarillocollege,What are some of the most popular extracurricular clubs and organizations at Amarillo College?
amarillocollege,"At Amarillo College, what are some popular extracurricular activities available to students?"
amarillocollege,"At Amarillo College, what is the student body's opinion on the quality of their campus recreation center?"
amarillocollege,What are the most popular extracurricular activities offered at Amarillo College among its student body?
AmericanU,How do students at American University handle time management when balancing coursework with extracurricular activities?
AmericanU,"At American University, what is the student perception of the campus's sustainability efforts?"
AmericanU,How do many students feel about the campus dining options at American University?
AmericanU,"At American University, what are some popular student organizations that offer internships and job opportunities for undergraduates?"
AmericanU,How do students at American University balance academics with the various campus social and extracurricular activities?
amherstcollege,What do students at Amherst College think about the return on investment compared to other liberal arts colleges?
amherstcollege,How does Amherst College support students with disabilities in terms of accessibility and accommodations?
amherstcollege,How big of an impact does the small class size at Amherst College have on student engagement and academic performance?
amherstcollege,What are the student perceptions of the university's decision to adopt a new online learning management system at Amherst College?
amherstcollege,What are the most popular cultural events and traditions among the student body at Amherst College?
AndersonUniversity,What are some of the most popular extracurricular activities offered at Anderson University?
AndersonUniversity,"At Anderson University, is the student population satisfied with the availability of extracurricular activities?"
AndersonUniversity,What are some popular extracurricular sports teams at Anderson University?
AndersonUniversity,What are some popular campus events and traditions at Anderson University that contribute to school spirit?
AndersonUniversity,Are there sufficient extracurricular activities and clubs available to students at Anderson University?
appstate,What is the most popular hidden gem dining spot in Boone near Appalachian State University that students recommend to out-of-towners?
appstate,What are some popular student organizations at Appalachian State University?
appstate,"How do students at Appalachian State University balance academics and extracurricular activities within the high-energy atmosphere of Boone, North Carolina?"
appstate,What is the average cost of a meal plan at Appalachian State University for a typical semester for a graduate student?
appstate,What are the most popular extracurricular activities and clubs available to students at Appalachian State University?
aquinas,"At Aquinas College, what are some of the most popular elective courses offered by the art department?"
aquinas,What is the typical workload to student ratio at Aquinas College?
aquinas,At what time do most students at Aquinas College typically start their day in order to beat the campus traffic?
aquinas,What are the most common concerns among students at Aquinas College regarding the campus Wi-Fi and internet connectivity?
aquinas,"At Aquinas College, how does the school's Catholic identity influence the campus life and community?"
ASU,What is the most popular recreational activity among students at Arizona State University?
ASU,"At Arizona State University, what are the most popular attractions for students to visit on a free weekend in Phoenix?"
ASU,"At Arizona State University, do students find that the university's emphasis on online courses affects their overall campus experience?"
ASU,How does the campus life at Arizona State University compare to other universities in the state?
ASU,"How do students at Arizona State University balance work, school, and extracurricular activities on campus?"
ArkansasState,What are the most popular part-time job opportunities available to students at Arkansas State University?
ArkansasState,What kind of support services and resources is Arkansas State University offering for students struggling with mental health during the recent academic year?
ArkansasState,"At Arkansas State University, what factors do students consider when deciding between on-campus housing and off-campus apartments?"
ArkansasState,"At Arkansas State University, what are the most common reasons why students struggle to adapt to life on campus?"
ArkansasState,What are the experiences of students who commute to Arkansas State University?
auburn,What is the most popular extracurricular activity among Auburn University students?
auburn,What are the most common complaints from students about Auburn University's eating options on campus?
auburn,"At Auburn University, do students feel that the change in campus tobacco policies has positively impacted campus-wide health?"
auburn,Do many Auburn University students participate in study abroad programs?
auburn,"At Auburn University, do students think that the campus tiger mascot adequately represents school spirit?"
australiancatholicuni,What are some of the most popular campus events and traditions at Australian Catholic University?
australiancatholicuni,What are the most popular student clubs and societies at Australian Catholic University?
australiancatholicuni,What are the typical online resources available to students at the Australian Catholic University for mental health and wellness support?
australiancatholicuni,"Compared to other Australian universities, how does Australian Catholic University stand out in terms of its campus facilities?"
australiancatholicuni,Are international students at Australian Catholic University satisfied with the support services provided during their first year of study?
Anu,What are the most popular extracurricular activities among students at the Australian National University?
Anu,What are some of the most popular student-run organizations at the Australian National University?
Anu,What are the main factors influencing student decisions to study abroad for a semester at the Australian National University?
Anu,What are the average wait times for students to get an appointment at the Australian National University's health services?
Anu,What is the most popular extracurricular activity among students at the Australian National University?
apu,What are some of the most popular extracurricular activities and student organizations at Azusa Pacific University?
apu,What is the most popular recreational activity for students at Azusa Pacific University?
apu,"At Azusa Pacific University, what do students think about the school's transition from NCAA Division II to NCAA Division I?"
apu,Does the commute to campus for students at Azusa Pacific University cause significant stress or discomfort?
apu,What are the most popular sustainability initiatives at Azusa Pacific University?
Babson,What are the most popular extracurricular clubs that Babson College students join during their freshman year?
Babson,What is the most popular extracurricular activity among Babson College students?
Babson,What are the typical career paths and job placements for Babson College students within the entrepreneurship and business management fields after graduation?
Babson,How do students at Babson College perceive the balance between academics and extracurricular activities?
Babson,What are some of the most popular extracurricular activities and clubs available to students at Babson College?
BallState,What are some of the most popular social activities for students at Ball State University?
BallState,What kinds of student organizations or clubs does Ball State University offer for students interested in sustainability and environmental initiatives?
BallState,What is the average cost of parking on campus at Ball State University?
BallState,How do students at Ball State University perceive the campus's shuttle service and transportation options?
BallState,What is the most common complaint among students about campus life at Ball State University?
Baruch,"At Baruch College, what are the most popular extracurricular activities for business students?"
Baruch,What is the most popular part-time job opportunity among Baruch College students?
Baruch,What are the most popular student organizations at Baruch College?
Baruch,What is the student's perspective on workload balance at Baruch College?
Baruch,How do students at Baruch College navigate the balance between academics and part-time jobs?
baylor,"At Baylor University, what amenities do students find most beneficial in the dorms?"
baylor,What are some of the most popular study abroad programs at Baylor University?
baylor,Why do many students at Baylor University prefer to attend classes on the newly developed downtown campus in Waco?
baylor,"At Baylor University, how effective is the school's counselor-to-student ratio in supporting the mental health of its students?"
baylor,Do students at Baylor University feel that the campus parking system is sufficient for the number of students enrolled?
berea,"At Berea College, how does the school's decision to maintain its affordability through a unique labor program and no tuition affect student satisfaction and academic outcomes?"
berea,What are the most popular student organizations at Berea College?
berea,Is Berea College's unique work program a contributing factor to its low tuition rates?
berea,"Berea College is known for its strict honor code, how does this impact campus life at Berea College?"
berea,"At Berea College, how do students feel about the impact of the college's work program on their college experience and career goals?"
Berklee,What are the most popular majors and concentrations within the music programs at Berklee College?
Berklee,What are some of the most popular music production software used by students at Berklee College?
Berklee,What are the benefits and drawbacks of Berklee College's low-residency master's degrees from a student's perspective?
Berklee,Is the performance schedule for Berklee College students who are part of the music production program typically managed by the school itself?
Berklee,Are the costs associated with enrolling in Berklee College of Music worth the potential career benefits for music students?
BinghamtonUniversity,What are the most frequently used student services on campus at Binghamton University?
BinghamtonUniversity,What are the most popular study abroad programs for Binghamton University students?
BinghamtonUniversity,What are some common stereotypes or misconceptions about Binghamton University that students encounter during their first semester?
BinghamtonUniversity,What are the popular off-campus apartment options for Binghamton University students near downtown Binghamton?
BinghamtonUniversity,What are some of the most popular internship opportunities available to Binghamton University students?
Biola,What are the most popular student organizations at Biola University?
Biola,How often do students at Biola University participate in community service as part of their required coursework or campus life?
Biola,"At Biola University, how do students balance their academic and spiritual commitments?"
Biola,How do students at Biola University balance their spiritual lives with the academic demands of attending a private Christian university?
Biola,What are the most popular job opportunities for Biola University graduates in the fields of business and social work?
bsu,"At Boise State University, is the campus location and surrounding environment a major factor when deciding whether to stay in downtown Boise or move into the surrounding neighborhoods?"
bsu,"At Boise State University, do the school's recreational centers meet the diverse fitness needs of students on campus?"
bsu,"At Boise State University, do students feel that the campus experience is compromised by the surrounding traffic congestion?"
bsu,Are students at Boise State University satisfied with the recreational facilities and activities offered on campus?
bsu,What are the most popular study spots on campus at Boise State University?
theBAC,What are the biggest mistakes that students notice that aspiring architects make during their internships at The Boston Architectural College?
theBAC,What are the most common challenges faced by students at the Boston Architectural College in terms of designing buildings that are environmentally sustainable and technically feasible?
theBAC,What does Boston Architectural College do to promote sustainability in its curriculum and facilities?
theBAC,How does the hands-on learning approach at the Boston Architectural College prepare students for professional practice in the field of architecture?
theBAC,What are the most popular ways for students to get involved with the community and apply their skills in sustainable design at the Boston Architectural College?
bostoncollege,"What are the average annual costs for students at Boston College, including tuition, fees, room, and board?"
bostoncollege,Are students at Boston College more likely to use public transportation or drive to get around campus and the surrounding areas?
bostoncollege,Are students at Boston College satisfied with the variety of courses offered in the college's different departments?
bostoncollege,What are the most popular student organizations that Boston College has to offer students?
bostoncollege,What is the most popular extracurricular activity among Boston College students?
BostonU,"At Boston University, how do students with learning disabilities fare in terms of accessing accommodations and resources on campus?"
BostonU,What are some unique cultural events and traditions established at Boston University that students participate in during their time at the university?
BostonU,What are the common challenges that incoming freshmen at Boston University experience when adapting to the city of Boston's unique urban environment?
BostonU,What are the most popular social clubs or organizations for students at Boston University?
BostonU,How do international students find the support services at Boston University?
BournemouthUni,How do international students at Bournemouth University navigate the local job market for part-time work opportunities during their studies?
BournemouthUni,"At Bournemouth University, what are the expectations for the upcoming university mobile app and how will it improve the student experience?"
BournemouthUni,What are the main student complaints about the bus service offered by Bournemouth University?
BournemouthUni,What is the most popular student-run society at Bournemouth University?
BournemouthUni,What are the common issues that students face when navigating the bus services provided by Bournemouth University to its campus?
Bowdoin,What are the most popular extracurricular activities among students at Bowdoin College?
Bowdoin,How would the campus feel about implementing a 4-day workweek at Bowdoin College?
Bowdoin,What are the favorite extracurricular activities among students at Bowdoin College?
Bowdoin,"At Bowdoin College, what role do study abroad programs play in students' academic and personal growth?"
Bowdoin,What is the popular opinion on Bowdoin College's winter break policies for students?
BGSU,What are the most common activities that students at Bowling Green State University participate in during the university's annual Winter Week celebration?
BGSU,What are the most popular extracurricular activities among students at Bowling Green State University?
BGSU,"At Bowling Green State University, how do students balance their coursework with participating in the university's various extracurricular sports teams?"
BGSU,"At Bowling Green State University, how effective is the support system in place for students dealing with anxiety and depression on campus?"
BGSU,"At Bowling Green State University, what are the most popular amenities for students living in the residence halls?"
bradleyuniversity,What are the most popular extracurricular activities among Bradley University students?
bradleyuniversity,What are some of the most popular study abroad programs offered at Bradley University?
bradleyuniversity,How does the campus life at Bradley University compare to peer institutions in the Midwest?
bradleyuniversity,What are students' opinions on the public transportation options available near Bradley University?
bradleyuniversity,What is the most popular extracurricular activity among students at Bradley University?
brandeis,Are students at Brandeis University satisfied with the overall safety and security on campus?
brandeis,What are the benefits and drawbacks of living in the on-campus dorms compared to off-campus housing options at Brandeis University?
brandeis,What is the student body's perception of the academic support services at Brandeis University?
brandeis,How are students at Brandeis University balancing academic rigor with extracurricular activities on campus?
brandeis,What is the average student debt load at Brandeis University?
byu,What are the most popular free activities for students at Brigham Young University?
byu,Are students at Brigham Young University satisfied with the athletic facilities on campus?
byu,What are the most common sources of stress experienced by Brigham Young University students during midterms?
byu,What are the typical costs and financial aid opportunities for international students at Brigham Young University?
byu,Are there any plans to adapt the Honor Code at Brigham Young University to be more inclusive of students from non-LDS backgrounds?
BCIT,What are the most popular campus amenities among students at the British Columbia Institute of Technology?
BCIT,How do students at the British Columbia Institute of Technology find the balance between their coursework and part-time job requirements?
BCIT,"At the British Columbia Institute of Technology, are students satisfied with the campus's eco-friendly initiatives?"
BCIT,What are the most popular co-curricular programs and activities among students at the British Columbia Institute of Technology?
BCIT,How do students at the British Columbia Institute of Technology balance the demands of a technical or trade program with their own personal and social interests?
brocku,How does Brock University compare to its peer institutions in terms of research opportunities and academic resources for undergraduate students?
brocku,What are some common criticisms of Brock University's campus parking system?
brocku,What are the most popular student clubs and organizations at Brock University?
brocku,What are the most popular student activities and organizations available at Brock University?
brocku,Are the campus bus services at Brock University convenient for students who live off-campus?
Broward,What is the most popular class or program at Broward College?
Broward,What are the most popular extracurricular activities among students at Broward College?
Broward,What are the most popular online courses offered at Broward College?
Broward,What are some common challenges faced by commuter students at Broward College?
Broward,What are the most popular majors among students at Broward College?
BrownU,Are the accommodations for students with disabilities sufficient at Brown University?
BrownU,"At Brown University, what is the impact of the open curriculum on a student's overall academic experience and preparation for their future careers?"
BrownU,What is the most popular extracurricular club or activity at Brown University?
BrownU,What is the most popular outdoor recreational activity among students at Brown University?
BrownU,How does the campus social scene at Brown University compare to other Ivy League universities?
brunel,What do students at Brunel University London think about the campus's sustainability initiatives?
brunel,How do students at Brunel University London perceive the campus sustainability initiatives in comparison to other London universities?
brunel,What is the student satisfaction rate regarding the international student support services at Brunel University London?
brunel,How do international students perceive the overall support system at Brunel University London?
brunel,How do students typically rate the public transportation options to and from Brunel University London?
bucknell,What are the most popular study abroad programs offered for Bucknell University students?
bucknell,What is the overall student satisfaction with the Campus Recreation and Wellness Center at Bucknell University?
bucknell,What are some of the factors that students at Bucknell University consider when choosing between on-campus housing and off-campus apartments during their junior year?
bucknell,"Do students at Bucknell University generally prefer the campus in Lewisburg, Pennsylvania, over the likelihood of a potential relocation to a different location?"
bucknell,What are some major differences between the social scenes at Bucknell University's Lewisburg campus and the campus of its affiliated faculty and staff at the Fort Hill campus?
butleruniversity,What are some of the student's favorite extracurricular activities at Butler University?
butleruniversity,How does the small class size at Butler University impact student learning outcomes compared to larger public universities?
butleruniversity,"At Butler University, how does the impact of the Indianapolis location on campus life influence students' overall educational experience?"
butleruniversity,What are some of the most popular clubs or student organizations on campus at Butler University?
butleruniversity,What are the most popular student organizations at Butler University?
CCA,What do students at California College of the Arts think about the availability and affordability of resources for art supplies and materials on campus?
CCA,What are the most popular and sought-after majors among the student body at California College of the Arts?
CCA,How often do the students at the California College of the Arts have the opportunity to collaborate across different disciplines in their courses or projects?
CCA,"At California College of the Arts, what are the most popular majors among students graduating in the past five years?"
CCA,"What is the typical experience of first-year students transitioning from high school to the California College of the Arts, in terms of navigating the campus and facing academic challenges?"
Caltech,Are the long hours and challenging coursework at the California Institute Of Technology worth the high job prospects after graduation?
Caltech,"At the California Institute of Technology, are there more benefits to majoring in engineering or physics?"
Caltech,"At the California Institute of Technology, what factors do students consider when choosing between the college's various Division of Humanities and Social Sciences majors?"
Caltech,How does the California Institute Of Technology balance its rigorous academic environment with student well-being and mental health support?
Caltech,What kinds of campus resources does the California Institute of Technology offer to support students' mental health and well-being?
calarts,What are the typical career paths for graduates of the California Institute of the Arts?
calarts,"At the California Institute of the Arts, do the students feel that the school's emphasis on collaboration and experimentation is beneficial to their artistic growth?"
calarts,What is the most popular art form for students to explore at the California Institute of the Arts?
calarts,What are the most popular majors at California Institute of the Arts?
calarts,What is the typical cost of living in the surrounding area of the California Institute of the Arts for students?
CalPoly,What do students at California Polytechnic State University typically do for fun and entertainment on campus?
CalPoly,How do students at California Polytechnic State University feel about the availability of quiet study spaces on campus?
CalPoly,What are some popular tourist attractions that students at California Polytechnic State University like to visit during their free time in San Luis Obispo?
CalPoly,What is the most popular graduating career path for Cal Poly students with a mechanical engineering degree?
CalPoly,"At California Polytechnic State University, what is the overall student experience like for those in the engineering program?"
CalPolyPomona,What is the most popular volunteer activity among students at California Polytechnic State University - Pomona?
CalPolyPomona,"At California Polytechnic State University - Pomona, how does the university's academic flexibility affect student success among those pursuing double majors?"
CalPolyPomona,How do student commuters at California Polytechnic State University - Pomona view the availability of transportation options on campus versus off campus?
CalPolyPomona,What are the most popular campus events and activities among students at California Polytechnic State University - Pomona?
CalPolyPomona,What is the student perception of the class sizes at California Polytechnic State University - Pomona?
csuci,What are the most popular and recommended study abroad programs for students at California State University - Channel Islands?
csuci,Are students at California State University - Channel Islands satisfied with the shuttle services on campus?
csuci,What are the student perspectives on the campus life at California State University - Channel Islands?
csuci,What are the most popular extracurricular activities among students at California State University - Channel Islands?
csuci,What are the most popular campus activities and events at California State University - Channel Islands?
CSUC,What are the most popular recreational spots near California State University - Chico that students visit on weekends?
CSUC,"At California State University, Chico, are there any student-led environmental initiatives on campus that contribute to the university's goal of becoming more sustainable?"
CSUC,"At California State University - Chico, what are some common issues that students face with the campus housing system?"
CSUC,What are the most popular recreational activities for students on campus at California State University - Chico besides hiking?
CSUC,What are the most popular recreational activities among California State University - Chico students to spend their free time on campus?
CSUDH,What are some of the most popular on-campus clubs and organizations at California State University - Dominguez Hills?
CSUDH,What is the general student satisfaction with the campus parking situation at California State University - Dominguez Hills?
CSUDH,What are the challenges students face in terms of parking availability at California State University - Dominguez Hills?
CSUDH,How do students at California State University - Dominguez Hills navigate the limited public transportation options in Carson surrounding the campus?
CSUDH,What are the most significant resources that California State University - Dominguez Hills offers to help students transition from community college to a 4-year university?
CSUEB,"What are the most popular study abroad programs offered through California State University, East Bay?"
CSUEB,What is the current student satisfaction rate with parking options at California State University - East Bay?
CSUEB,What are the most popular recreational activities for students at California State University - East Bay's campus?
CSUEB,What are the most popular student organizations to join at California State University - East Bay?
CSUEB,How do students at California State University - East Bay balance academic responsibilities with extracurricular activities on campus?
csuf,How does California State University - Fullerton handle the stress and anxiety of student life?
csuf,What are the most popular campus recreation activities at California State University - Fullerton?
csuf,"How does the accessibility of public transportation near California State University, Fullerton affect the student's daily commute and overall university experience?"
csuf,What are the most popular student organizations at California State University - Fullerton?
csuf,How effective are the resources and support systems for students with disabilities at California State University - Fullerton?
CSULB,What are the common concerns among students regarding the cost of living near California State University - Long Beach?
CSULB,"At California State University - Long Beach, what percentage of students participate in study abroad programs within their first two years of attending the university?"
CSULB,Is the job placement rate after graduation for graduates from the College of Business at California State University - Long Beach adequate for career advancement?
CSULB,What are the most popular extracurricular activities at California State University - Long Beach?
CSULB,How do students at California State University - Long Beach perceive the campus's transportation and parking system?
CSULA,How do students at California State University - Los Angeles navigate the process of balancing academics and extracurricular activities?
CSULA,What are the most popular campus event ideas and activities among California State University - Los Angeles students?
CSULA,What are some of the most popular extracurricular clubs or organizations available to students at California State University - Los Angeles?
CSULA,What are the most popular extracurricular activities offered to students at California State University - Los Angeles?
CSULA,Is the campus of California State University - Los Angeles easily accessible by public transportation for commuters from the surrounding neighborhoods?
csumb,What is the most popular study abroad program offered by California State University - Monterey Bay for its students?
csumb,What are the most popular clubs and organizations for students to join at California State University - Monterey Bay?
csumb,What are the most popular study abroad programs for students at California State University - Monterey Bay?
csumb,"At California State University - Monterey Bay, are students generally satisfied with the internship opportunities available to them?"
csumb,What are some of the common complaints that students at California State University - Monterey Bay have about the commute to campus?
csun,Are students at California State University - Northridge satisfied with the diversity of on-campus internship opportunities?
csun,How do students perceive the quality of the public transportation available to California State University - Northridge students?
csun,Is the campus life at California State University - Northridge more enjoyable for students who are commuters or residential students?
csun,What are the most popular and highly-rated campus events at California State University - Northridge?
csun,What are the average commute times for students at California State University - Northridge?
CSUS,What is the student body's perception of the traffic and parking situation around the California State University - Sacramento campus?
CSUS,What are the typical wait times for the university's mental health services at California State University - Sacramento?
CSUS,"At California State University - Sacramento, are there enough resources available for commuting students who do not have a car on campus?"
CSUS,What are the most popular campus events and activities at California State University - Sacramento?
CSUS,How do students at California State University - Sacramento generally compare the cost of attendance to the quality of education?
CSUSB,What are the average commute times for students at California State University - San Bernardino?
CSUSB,What are the most popular student organizations and clubs at California State University - San Bernardino?
CSUSB,What types of parking options are available for students with disabilities at California State University - San Bernardino?
CSUSB,What is the student parking situation like at California State University - San Bernardino?
CSUSB,How successful is the University's Counseling and Psychological Services department at California State University - San Bernardino in helping students manage stress and anxiety on campus?
csusm,What are the typical traffic and parking challenges faced by students at California State University - San Marcos?
csusm,What are the perceptions of students at California State University - San Marcos regarding the campus parking and transportation options?
csusm,What is the general student consensus about the campus safety at California State University - San Marcos?
csusm,How does the student body perception of the campus safety at California State University - San Marcos compare to other universities in the California State University system?
csusm,What are the most popular student organizations on campus at California State University San Marcos?
fresnostate,"What are the most popular campus events at California State University, Fresno?"
fresnostate,"What initiatives is California State University, Fresno implementing to improve student mental health on campus?"
fresnostate,"What are some common difficulties facing internationals students at California State University, Fresno?"
fresnostate,"At California State University, Fresno, what is the student opinion on the availability and quality of mental health resources on campus?"
fresnostate,"How satisfied are California State University, Fresno students with the campus recreational facilities?"
calupa,What is the typical cost of off-campus housing near California University of Pennsylvania?
calupa,"At California University of Pennsylvania, how do students balance their social lives with their academic responsibilities in the small-town setting?"
calupa,"At the California University of Pennsylvania, what advantages does the small class size have for students?"
calupa,How does the student body at California University of Pennsylvania rate the availability and affordability of course offerings online versus in-person classes?
calupa,"At California University of Pennsylvania, how is the school's support system for students struggling with mental health issues?"
CCCU,Are there adequate resources available at Canterbury Christ Church University to support students with disabilities?
CCCU,What are the most popular extracurricular activities and clubs available to students at Canterbury Christ Church University?
CCCU,Are the parking facilities at Canterbury Christ Church University sufficient for its student body?
CCCU,What are the most popular extracurricular activities offered by Canterbury Christ Church University?
CCCU,What are the most popular areas for students to live near Canterbury Christ Church University?
CapU,What are some of the unique programs offered at Capilano University that are not easily accessible at other post-secondary institutions?
CapU,What is the student satisfaction rate with the variety of courses offered at Capilano University?
CapU,What is the average response time for maintenance requests at the Capilano University?
CapU,What is the most popular course among international students at Capilano University?
CapU,Are students at Capilano University satisfied with the advising services on campus?
CarletonCollege,What are the most popular recreational activities available to students at Carleton College?
CarletonCollege,What are some common complaints that students at Carleton College have about the academic workload?
CarletonCollege,What are students' opinions on the quality of recreation facilities at Carleton College?
CarletonCollege,What are the most popular extracurricular clubs and organizations available to students at Carleton College?
CarletonCollege,"At Carleton College, are the required courses in the humanities department essential for students' overall learning experience?"
CarletonU,"Compared to the University of Ottawa, is Carleton University's campus more or less convenient for students with disabilities?"
CarletonU,Are students at Carleton University satisfied with the availability of internship opportunities and career support services on campus?
CarletonU,How do students at Carleton University feel about the availability and accessibility of mental health resources on campus?
CarletonU,What are some of the most popular extracurricular activities at Carleton University that students would highly recommend?
CarletonU,What kind of campus resources are available to help students manage stress and mental health at Carleton University?
cmu,What is the most popular extracurricular activity among students at Carnegie Mellon University?
cmu,"At Carnegie Mellon University, how does the integration of art and technology influence the student experience?"
cmu,Are students at Carnegie Mellon University generally satisfied with the school's computer science program offerings?
cmu,What are the most popular extracurricular activities among students at Carnegie Mellon University?
cmu,What are the most popular campus hangout spots for students at Carnegie Mellon University?
cwru,What are some of the ways students at Case Western Reserve University can keep their smartphones charged while on campus during an extended power outage?
cwru,How do students at Case Western Reserve University find the balance between academics and student life in Cleveland?
cwru,"At Case Western Reserve University, how does the university's decision to prioritize sustainability initiatives impact student life and academic programs?"
cwru,How does Case Western Reserve University accommodate students with disabilities in its campus facilities and classrooms?
cwru,Are students at Case Western Reserve University generally satisfied with the overall campus experience in comparison to other highly competitive universities?
centralmich,What is the most popular social club or organization at Central Michigan University that students join in their first year?
centralmich,"At Central Michigan University, what are some common issues students face when trying to navigate the university's parking system?"
centralmich,What are the most popular extracurricular activities at Central Michigan University?
centralmich,"At Central Michigan University, what steps are being taken to make the campus more accessible and inclusive for students with disabilities?"
centralmich,What are the most popular study spaces on campus at Central Michigan University?
chalmers,"At Chalmers University of Technology, is theMaster's Thesis process effectively preparing students for the industry after graduation?"
chalmers,How do students at Chalmers University of Technology feel about the lack of on-campus housing options in Gothenburg?
chalmers,What are the student opinions on the internship opportunities available at Chalmers University of Technology?
chalmers,How do students at Chalmers University of Technology feel about the balance between theoretical and practical courses in the engineering programs?
chalmers,"At Chalmers University of Technology, how do students rate the availability and accessibility of career services on campus?"
chapmanuniversity,"At Chapman University, what are some of the most popular extracurricular activities that students enjoy?"
chapmanuniversity,What are the most effective methods for balancing academic rigor and social life at Chapman University?
chapmanuniversity,How do students at Chapman University balance their academic load with the various social and extracurricular opportunities offered by the university?
chapmanuniversity,What is the student feedback on the campus recreation centers at Chapman University?
chapmanuniversity,What are the most frequently visited tourist spots near Chapman University that students like to visit on the weekends?
CNU,"At Christopher Newport University, how effective is the campus shuttle service in providing adequate transportation for students?"
CNU,What are the typical internship opportunities available to students at Christopher Newport University?
CNU,What are the most popular campus events and traditions among freshmen at Christopher Newport University?
CNU,"At Christopher Newport University, what is the most popular major among students?"
CNU,"At Christopher Newport University, are there any plans to expand or renovate the campus's dining halls to meet the changing tastes and dietary needs of students?"
CCNY,What are the most popular study abroad programs offered by City College of New York?
CCNY,How do students at City College of New York balance their academic responsibilities with the demands of working part-time jobs on campus?
CCNY,What do students think about the campus dining options at City College of New York?
CCNY,What are the most popular internship opportunities for students at the City College of New York's Grove School of Engineering?
CCNY,What is the student perception of the public transportation options available to City College of New York students?
cityuniversitylondon,What are the opinions on the study abroad opportunities at City University London?
cityuniversitylondon,What are the most common complaints about the transportation systems in and around City University London's campus?
cityuniversitylondon,How do international students perceive the campus facilities at City University London?
cityuniversitylondon,How do international students find the academic support services at City University London?
cityuniversitylondon,What types of student support services does City University London offer to help students manage their mental health during exam periods?
CUNY,What are some of the common complaints heard from students about the subway and bus routes available for commuting to classes at the City University of New York?
CUNY,"At the City University of New York, how does the student body feel about the new mental health services and resources being provided?"
CUNY,How do students at City University of New York navigate the challenges of attending class while working a part-time job on campus?
CUNY,How does the limited public transportation available near many City University of New York campuses impact student travel and daily life?
CUNY,What are the most popular student extracurricular organizations at City University of New York?
claremontcolleges,"Are there plans for the Claremont Colleges to expand their campus, considering the increasing size of the student body?"
claremontcolleges,What are some of the challenges that students face when navigating the consortium model at the Claremont Colleges?
claremontcolleges,Do students at Claremont Colleges prefer the single-gender or co-ed dormitory settings?
claremontcolleges,What are the most popular study abroad destinations among students at the Claremont Colleges?
claremontcolleges,"What are some common differences between the student cultures at Claremont McKenna, Harvey Mudd, and Pomona Colleges, considering they are part of the Claremont Colleges?"
ClarkU,"At Clark University, how well do students feel the internship program prepares them for their career after graduation?"
ClarkU,What are the most popular extracurricular activities available to students at Clark University?
ClarkU,What are the most popular study abroad programs for Clark University students?
ClarkU,What are some of the most popular student organizations and extracurricular activities available at Clark University?
ClarkU,What are the typical student experiences and opinions about living off-campus versus on-campus at Clark University?
Clemson,What is the average cost of parking per semester for students at Clemson University?
Clemson,How do students at Clemson University feel about the availability and affordability of mental health services on campus?
Clemson,"At Clemson University, are the campus Wi-Fi and network systems reliable and efficient for students?"
Clemson,"At Clemson University, what is the most effective way for students to navigate the campus's transportation system during peak football season?"
Clemson,How good are the job placement rates for students majoring in engineering at Clemson University?
CCU,"Are students at Coastal Carolina University satisfied with the overall campus facilities, including the campus recreation center and the Conway campus center?"
CCU,"At Coastal Carolina University, what are the most popular factors considered by students when looking for a place to live off-campus?"
CCU,What are the most popular extracurricular activities available to students at Coastal Carolina University?
CCU,What is the most popular recreational activity for students at Coastal Carolina University?
CCU,What are the most popular recreational activities for students at Coastal Carolina University's beach campus?
Colby,What are some common things students at Colby College wish they knew before attending the college?
Colby,Do Colby College students find that the campus is sufficiently diverse and inclusive to reflect the wider community of Maine?
Colby,Do students at Colby College generally prefer studying abroad through the college's programs or the independent study abroad options?
Colby,What are the most popular internship opportunities available to Colby College students?
Colby,Are the outdoor recreational options at Colby College easily accessible to students?
Colgate,What are the typical costs for students who attend Colgate University beyond the sticker price?
Colgate,"What is the most popular venue at Colgate University, and is it the perfect place to host events and gatherings for students?"
Colgate,How do Colgate University students perceive the balance between academic rigor and extracurricular opportunities?
Colgate,What are the most popular recreational activities that students participate in on and around the campus of Colgate University?
Colgate,What are some of the most popular extracurricular activities and clubs offered at Colgate University?
CofC,"At the College of Charleston, how do students balance their academic and social lives in the downtown Charleston location?"
CofC,How satisfied are students with the overall campus experience at the College of Charleston?
CofC,How do students navigate the local traffic and parking situation around the campus of the College of Charleston?
CofC,What are some of the most popular social events or festivals held on or near the campus of the College of Charleston?
CofC,How do students navigate the affordability of tuition at the College of Charleston?
Wooster,What are some common amenities that students at the College of Wooster wish were available or could be improved?
Wooster,What are the post-graduation career outcomes for students who studied abroad at The College of Wooster?
Wooster,What are the most popular extracurricular clubs and organizations among students at the College of Wooster?
Wooster,What percentage of students at the College of Wooster would consider attending a liberal arts college again if they had the choice?
Wooster,What is the average student-to-faculty ratio at the College of Wooster?
HolyCross,What is the average cost of off-campus housing near the College of the Holy Cross?
HolyCross,What is the most common complaint or area of improvement that students at College of the Holy Cross wish the administration would address?
HolyCross,"At the College of the Holy Cross, what is the typical student experience like for an English major who wants to pursue a career in publishing?"
HolyCross,"At the College of the Holy Cross, how do students feel about the accessibility of internship opportunities in Worcester?"
HolyCross,How does the student body at the College of the Holy Cross balance faith with academic pursuits?
ColoradoSchoolOfMines,"At the Colorado School of Mines, what are some of the most popular clubs and organizations that students join outside of their academic pursuits in the engineering and science fields?"
ColoradoSchoolOfMines,What are some of the notable ways in which the Colorado School of Mines supports the entrepreneurial spirit of its students?
ColoradoSchoolOfMines,How do most students at the Colorado School of Mines balance their rigorous engineering coursework with participation in extracurricular activities?
ColoradoSchoolOfMines,Are most students at Colorado School of Mines satisfied with the support services for student mental health?
ColoradoSchoolOfMines,"At Colorado School of Mines, how serious of an issue is climate change skepticism within the geology and earth sciences departments?"
CSUFoCo,What are the popular study spots on campus at Colorado State University?
CSUFoCo,What are some of the most unpopular classes among students at Colorado State University?
CSUFoCo,How do students at Colorado State University balance their academic workload with participation in outdoor recreational activities in Fort Collins?
CSUFoCo,"At Colorado State University, do students feel that the varsity sports teams are adequately represented and supported?"
CSUFoCo,How does the affordability of on-campus housing at Colorado State University affect student engagement and academic performance?
colum,What are the typical commuting habits and transportation options of students at Columbia College?
colum,How does Columbia College's new flexible scheduling system affect student productivity and overall academic experience?
colum,What are the most popular ways for students to get around campus at Columbia College?
colum,What percentage of students attending Columbia College would consider transferring to a different institution if the school was to drop its current athletic programs?
colum,What can be done to improve student satisfaction with on-campus parking at Columbia College?
columbia,What are the most popular resources for dealing with stress and anxiety among students at Columbia University?
columbia,What are the most popular student organizations and clubs at Columbia University?
columbia,What are the most popular study spots on campus at Columbia University?
columbia,"At Columbia University, are the academic resources available in the libraries sufficient for students, particularly in their freshman year?"
columbia,"At Columbia University, how do freshmen navigate the process of switching their majors during their first year?"
Concordia,What are the most popular social clubs or organizations for students at Concordia University?
Concordia,What are the most common concerns among international students about Concordia University's language support services for non-native English speakers?
Concordia,What are some of the most popular extracurricular activities available to students at Concordia University?
Concordia,Are there any plans to significantly improve Concordia University's campus transportation system?
Concordia,How do students at Concordia University typically balance their academic and social lives during the semester?
Conestoga,What are the opinions on campus safety at Conestoga College Institute of Technology and Advanced Learning?
Conestoga,How do students evaluate the internship opportunities available at the Conestoga College Institute of Technology and Advanced Learning?
Conestoga,What are the most popular programs and courses at Conestoga College Institute of Technology and Advanced Learning among first-year students?
Conestoga,Are the co-op opportunities available at Conestoga College Institute of Technology and Advanced Learning sufficient to provide students with relevant work experience before graduation?
Conestoga,What are the most in-demand courses at Conestoga College Institute of Technology and Advanced Learning for students looking to pursue careers in emerging fields?
conncoll,What do students at Connecticut College think about the campus recreation center and its facilities?
conncoll,How much does the average student at Connecticut College spend on transportation to and from campus each month?
conncoll,What are the opinions on the academic support services at Connecticut College?
conncoll,What percentage of students at Connecticut College participate in study abroad programs?
conncoll,"At Connecticut College, what percentage of students take advantage of study abroad programs during their academic careers?"
Cornell,Is the stress of managing coursework at Cornell University exceeding the available time for extracurricular activities among students?
Cornell,How do students at Cornell University perceive the balance between academic rigor and extracurricular activities?
Cornell,What are the perspectives of Cornell University students on the balance between academic rigor and extracurricular opportunities?
Cornell,Are the scenic views on the Cornell University campus worth the potential distractions for students with remote classes?
Cornell,What are the most popular extracurricular activities for students at Cornell University?
CovUni,How does Coventry University cater to the needs of students with disabilities compared to other top UK universities?
CovUni,Are there enough scholarships and financial aid opportunities available to international students at Coventry University?
CovUni,Do students at Coventry University prefer the city campus over the main campus locations?
CovUni,How effective are the mental health support services provided by Coventry University?
CovUni,"At Coventry University, how does the university's location affect student access to research opportunities related to environmental conservation?"
curtin,What are the most beneficial extracurricular activities that Curtin University offers to students?
curtin,What are some of the common issues faced by international students at Curtin University in its online learning programs?
curtin,What is the most popular student-led club or organization at Curtin University?
curtin,What are the most popular student clubs and societies offered at Curtin University?
curtin,Are students happy with the overall campus facilities at Curtin University?
Dalhousie,Do students who commute to campus at Dalhousie University prefer the university-provided transportation options over personal vehicles?
Dalhousie,Do students at Dalhousie University prefer the co-op program or internship opportunities when it comes to gaining work experience?
Dalhousie,What are the most popular extracurricular activities offered to students at Dalhousie University?
Dalhousie,"At Dalhousie University, how would a student's experience be affected by a mandatory internship as part of their undergraduate degree?"
Dalhousie,Do students at Dalhousie University feel that the campus shuttle service is sufficient to meet their transportation needs?
dartmouth,What are the most popular study spots on campus at Dartmouth College?
dartmouth,"At Dartmouth College, how effective are the career counseling services in helping students find internships and jobs after graduation?"
dartmouth,What are the most popular spots for skiing and snowboarding near Dartmouth College?
dartmouth,Are students at Dartmouth College using the outdoor recreational facilities enough to justify the high annual fees?
dartmouth,Who is the most popular professor to take small seminars with at Dartmouth College?
davidson,"At Davidson College, what are some popular extracurricular activities that students participate in during their free time?"
davidson,What are the student perspectives on the class sizes at Davidson College?
davidson,What are the common complaints among students about the campus Wi-Fi at Davidson College?
davidson,"What are some of the unique social issues that Davidson College students often struggle with, particularly given the small-town location of the college."
davidson,Are there sufficient mental health resources available to students at Davidson College?
DePauw,What are the most popular student organizations and extracurricular activities at DePauw University?
DePauw,How would students at DePauw University adapt to the shift from traditional campus-based social events to virtual gatherings during a pandemic?
DePauw,What are the most common complaints that students have about the campus Wi-Fi network at DePauw University?
DePauw,"At DePauw University, do students feel that the small class sizes positively impact the overall learning experience?"
DePauw,What do students at DePauw University think about the balance between academics and extracurricular activities offered by the school?
devry,"At DeVry University, what factors contribute to the high job placement rates reported by the institution?"
devry,Is DeVry University's online course structure helping students achieve their career goals?
devry,"At DeVry University, how effective is the online degree option in preparing students for in-demand careers in the modern job market?"
devry,"At DeVry University, is the online course load too substantial for students with full-time jobs?"
devry,Are DeVry University students satisfied with the online platform's technical support?
deakin,What are the most popular extracurricular clubs and societies for international students at Deakin University?
deakin,What are the most popular extracurricular activities available to students at Deakin University?
deakin,How do students at Deakin University feel about the overall support services offered for mental health?
deakin,How do students at Deakin University navigate the transition from online to on-campus learning in their degree programs.
deakin,How do students find the work-life balance at Deakin University?
Denison,What are the most popular extracurricular activities available to students at Denison University?
Denison,What are the most popular social activities for students at Denison University?
Denison,What are the most popular study abroad programs offered to students at Denison University?
